Time, X, Y
0,342.5,322.5
0.02,342.5,321.5
0.0577609,342.5,321.5
0.0678918,342.5,321.5
0.071612,342.5,321.5
0.0758031,342.5,321.5
0.0793814,342.5,321.5
0.0832509,342.5,321.5
0.0875898,342.5,321.5
0.0911801,342.5,321.5
0.0955971,342.5,321.5
0.0996549,342.5,321.5
0.1029263,342.5,321.5
0.1128854,342.5,321.5
0.1170998,342.5,321.5
0.1199889,342.5,321.5
0.1226917,342.5,321.5
0.1279805,342.5,321.5
0.132711,342.5,321.5
0.1359605,342.5,321.5
0.1400173,342.5,321.5
0.1430718,342.5,321.5
0.1460926,342.5,321.5
0.1508669,342.5,321.5
0.1561324,342.5,321.5
0.1626473,342.5,321.5
0.1673475,342.5,321.5
0.1716112,342.5,321.5
0.1748635,342.5,321.5
0.1786179,342.5,321.5
0.1822405,342.5,321.5
0.1883183,342.5,321.5
0.1931524,342.5,321.5
0.1966561,342.5,321.5
0.1993349,342.5,321.5
0.2035492,342.5,321.5
0.2069803,342.5,321.5
0.2099929,342.5,321.5
0.2131603,342.5,321.5
0.217921,342.5,321.5
0.2220706,342.5,321.5
0.2262323,342.5,321.5
0.2300115,342.5,321.5
0.2337978,342.5,321.5
0.2368648,342.5,321.5
0.2407462,342.5,321.5
0.2457996,342.5,321.5
0.2507373,342.5,321.5
0.255157,342.5,321.5
0.259191,342.5,321.5
0.2626435,342.5,321.5
0.266984,342.5,321.5
0.2703276,342.5,321.5
0.2739447,342.5,321.5
0.27788,342.5,321.5
0.2822859,342.5,321.5
0.2855043,342.5,321.5
0.28977,342.5,321.5
0.2942154,342.5,321.5
0.2986105,342.5,321.5
0.3024697,342.5,321.5
0.3072259,342.5,321.5
0.3128587,342.5,321.5
0.3164068,342.5,321.5
0.3216687,342.5,321.5
0.3261399,342.5,321.5
0.3298879,342.5,321.5
0.334756,342.5,321.5
0.3395318,342.5,321.5
0.3435095,342.5,321.5
0.3489217,342.5,321.5
0.3532014,342.5,321.5
0.356407,342.5,321.5
0.3601957,342.5,321.5
0.3635159,342.5,321.5
0.3685861,342.5,321.5
0.3736101,342.5,321.5
0.3775132,342.5,321.5
0.3806322,342.5,321.5
0.3842536,342.5,321.5
0.3878276,342.5,321.5
0.3912402,342.5,321.5
0.3951752,342.5,321.5
0.3983655,342.5,321.5
0.4015457,342.5,321.5
0.4054743,342.5,321.5
0.41059,342.5,321.5
0.4138719,342.5,321.5
0.4175616,342.5,321.5
0.4211343,342.5,321.5
0.425419,342.5,321.5
0.4304773,342.5,321.5
0.4354907,342.5,321.5
0.4396614,342.5,321.5
0.4440384,342.5,321.5
0.4482779,342.5,321.5
0.451242,342.5,321.5
0.4543414,342.5,321.5
0.4586889,342.5,321.5
0.4630286,342.5,321.5
0.4671362,342.5,321.5
0.4718678,342.5,321.5
0.4756684,342.5,321.5
0.4796926,342.5,321.5
0.4832882,342.5,321.5
0.4873006,342.5,321.5
0.4905206,342.5,321.5
0.495578,342.5,321.5
0.49967,342.5,321.5
0.504175,342.5,321.5
0.5089436,342.5,321.5
0.5119422,342.5,321.5
0.5154867,342.5,321.5
0.5192081,342.5,321.5
0.5235514,342.5,321.5
0.5273736,342.5,321.5
0.5313688,342.5,321.5
0.5363109,342.5,321.5
0.5393345,342.5,321.5
0.5417592,342.5,321.5
0.5465471,342.5,321.5
0.5512885,342.5,321.5
0.5556733,342.5,321.5
0.5598187,342.5,321.5
0.564939,342.5,321.5
0.570546,342.5,321.5
0.5751317,342.5,321.5
0.5793648,342.5,321.5
0.5824291,342.5,321.5
0.5865188,342.5,321.5
0.5903225,342.5,321.5
0.5936505,342.5,321.5
0.5974998,342.5,321.5
0.6020079,342.5,321.5
0.6060162,342.5,321.5
0.6097209,342.5,321.5
0.6143278,342.5,321.5
0.6173911,342.5,321.5
0.6207248,342.5,321.5
0.6255057,342.5,321.5
0.6298092,342.5,321.5
0.6337548,342.5,321.5
0.6378936,342.5,321.5
0.6415194,342.5,321.5
0.6462311,342.5,321.5
0.6507725,342.5,321.5
0.6540475,342.5,321.5
0.6573283,342.5,321.5
0.6606987,342.5,321.5
0.6646678,342.5,321.5
0.6685537,342.5,321.5
0.6739084,342.5,321.5
0.6779658,342.5,321.5
0.6833048,342.5,321.5
0.6879801,342.5,321.5
0.6924779,342.5,321.5
0.6976829,342.5,321.5
0.7010945,342.5,321.5
0.7045775,342.5,321.5
0.7077597,342.5,321.5
0.7123496,342.5,321.5
0.7164918,342.5,321.5
0.7200607,342.5,321.5
0.7238112,342.5,321.5
0.727711,342.5,321.5
0.7310969,342.5,321.5
0.7352719,342.5,321.5
0.7395625,342.5,321.5
0.7442339,342.5,321.5
0.7474225,342.5,321.5
0.7515266,342.5,321.5
0.7564353,342.5,321.5
0.7595402,342.5,321.5
0.7632147,342.5,321.5
0.7671619,342.5,321.5
0.7718506,342.5,321.5
0.7753565,342.5,321.5
0.7795177,342.5,321.5
0.7829714,342.5,321.5
0.785848,342.5,321.5
0.7888953,342.5,321.5
0.7915456,342.5,321.5
0.805797,343.5,321.5
0.8106126,343.5,321.5
0.8147216,343.5,321.5
0.8177822,343.5,321.5
0.8219933,343.5,321.5
0.8254916,343.5,321.5
0.8290364,344.5,322
0.8317601,344.5,322
0.8346547,344.5,322
0.8382164,344.5,322
0.8428001,344.5,322
0.8468559,344.5,322
0.8495972,345,323.5
0.8540285,345,323.5
0.8570956,345,323.5
0.8607835,345,323.5
0.8637686,345,323.5
0.8663529,345,323.5
0.8706726,345,323.5
0.8735694,347.5,324
0.877032,347.5,324
0.8799426,347.5,324
0.8826562,347.5,324
0.886134,347.5,324
0.8905195,348.5,324
0.8946577,348.5,324
0.8998927,351,325
0.9033213,351,325
0.9075069,352,325
0.9116402,352,325
0.9162171,354.5,325.5
0.9194606,354.5,325.5
0.9238258,355.5,325.5
0.9268016,355.5,325.5
0.9313538,358,325.5
0.9360995,358,325.5
0.9397781,361,327
0.942815,361,327
0.9475927,363,328
0.9512853,363,328
0.9553524,366,328.5
0.9583431,366,328.5
0.9621491,368.5,328.5
0.9663546,368.5,328.5
0.9705743,372.5,329.5
0.9735039,372.5,329.5
0.9785437,373.5,329.5
0.982899,373.5,329.5
0.9885501,378,331
0.9930336,378,331
0.9969777,380,331
0.9999628,380,331
1.00363,384.5,333
1.00758,384.5,333
1.011022,386.5,333
1.013992,386.5,333
1.018436,390.5,333.5
1.021981,390.5,333.5
1.025206,390.5,333.5
1.028963,394.5,333.5
1.032459,394.5,333.5
1.035695,399,335.5
1.039521,399,335.5
1.043466,406,335.5
1.047138,406,335.5
1.051918,411.5,336.5
1.055798,411.5,336.5
1.059734,416,337.5
1.064015,416,337.5
1.068877,420,337.5
1.072197,420,337.5
1.076624,422,338
1.080651,422,338
1.084562,424.5,338
1.088114,424.5,338
1.091471,427.5,339.5
1.095226,427.5,339.5
1.099527,430.5,340.5
1.103389,430.5,340.5
1.108198,433,340.5
1.11233,433,340.5
1.117044,436,341
1.120402,436,341
1.124434,438,341
1.128716,438,341
1.132341,440,341
1.136392,440,341
1.140847,443,341
1.145593,445,341
1.151096,445,341
1.158165,446.5,341
1.163599,449.5,341
1.168615,449.5,341
1.175359,453.5,341
1.180286,457.5,341
1.183838,457.5,341
1.187745,461.5,341
1.190688,461.5,341
1.193605,467,341
1.197101,467,341
1.200412,467,341
1.204654,470.5,340
1.208316,470.5,340
1.212864,476.5,337
1.216559,476.5,337
1.221495,481,334.5
1.225052,481,334.5
1.229636,487,330.5
1.233453,487,330.5
1.236868,490.5,327.5
1.242869,495.5,324
1.24717,495.5,324
1.251713,500,321
1.256042,500,321
1.259823,503.5,318.5
1.26282,503.5,318.5
1.267791,509.5,314.5
1.271564,509.5,314.5
1.276063,514.5,310.5
1.28003,514.5,310.5
1.284306,516.5,309
1.288601,516.5,309
1.293455,521,305.5
1.298678,524.5,303
1.302719,524.5,303
1.306533,531.5,301
1.310439,531.5,301
1.314935,536.5,296
1.318862,536.5,296
1.323549,541.5,290
1.32776,541.5,290
1.332332,545,287.5
1.336288,545,287.5
1.340816,551,282
1.344311,551,282
1.348268,554.5,278.5
1.351908,554.5,278.5
1.357631,559.5,276
1.361632,561.5,273.5
1.366413,561.5,273.5
1.371318,567.5,269.5
1.37513,567.5,269.5
1.379233,571,267
1.38334,571,267
1.387049,576,262
1.390076,576,262
1.393648,576,262
1.397894,582,257
1.400704,582,257
1.404707,587,253
1.408827,587,253
1.413263,593,248
1.41746,593,248
1.42182,599,244
1.42635,604,240
1.430386,604,240
1.434636,611.5,233.5
1.438691,611.5,233.5
1.442419,615,229
1.44687,615,229
1.451524,624,222.5
1.45479,624,222.5
1.45921,632.5,217
1.462888,632.5,217
1.467491,641,212.5
1.471537,641,212.5
1.476154,652,208.5
1.480352,652,208.5
1.485552,664.5,202.5
1.490597,675.5,199.5
1.494333,675.5,199.5
1.499088,689.5,193.5
1.503065,689.5,193.5
1.507998,706.5,187
1.511407,706.5,187
1.5154,731.5,179
1.519419,731.5,179
1.523879,764,170.5
1.527929,764,170.5
1.532404,798,165.5
1.535555,798,165.5
1.540216,826.5,162.5
1.544268,826.5,162.5
1.548599,855.5,156
1.552116,855.5,156
1.556943,887,151
1.560533,887,151
1.564991,909.5,149.5
1.568652,909.5,149.5
1.573349,930,146.5
1.577793,949.5,146.5
1.582294,949.5,146.5
1.58695,964,146.5
1.590445,964,146.5
1.593366,964,146.5
1.597002,976,146.5
1.600754,976,146.5
1.604372,985,146.5
1.607803,985,146.5
1.611766,995,150.5
1.61552,995,150.5
1.61902,1002,154.5
1.622455,1002,154.5
1.627477,1008,160
1.630362,1008,160
1.63352,1008,160
1.636792,1012,164.5
1.640193,1012,164.5
1.644724,1014,171.5
1.648443,1014,171.5
1.652547,1014,178.5
1.656457,1014,178.5
1.660827,1014,185
1.665399,1014,185
1.670063,1014,195.5
1.673255,1014,195.5
1.676437,1014,206.5
1.679781,1014,206.5
1.684016,1008.5,222.5
1.688228,1008.5,222.5
1.691341,1000.5,237.5
1.694119,1000.5,237.5
1.697613,993,249
1.701215,993,249
1.705346,993,249
1.709116,980.5,268
1.712461,980.5,268
1.716018,967,283
1.719308,967,283
1.723199,956.5,297
1.726498,956.5,297
1.729344,956.5,297
1.732888,948,303.5
1.736935,948,303.5
1.741418,936,314.5
1.745206,936,314.5
1.748862,929,320.5
1.752573,929,320.5
1.756371,920.5,325
1.759789,920.5,325
1.763121,914.5,329
1.767076,914.5,329
1.770599,908.5,331
1.77448,908.5,331
1.778887,905.5,331
1.781591,905.5,331
1.786278,900,332.5
1.789514,900,332.5
1.793889,893.5,332.5
1.79851,893.5,332.5
1.801423,893.5,332.5
1.806056,888,332.5
1.810538,881.5,332.5
1.813958,881.5,332.5
1.816861,881.5,332.5
1.821046,873.5,332.5
1.825195,873.5,332.5
1.829924,866.5,332.5
1.833299,866.5,332.5
1.83828,857,331
1.842861,847.5,326.5
1.846199,847.5,326.5
1.849619,841.5,322.5
1.853427,841.5,322.5
1.857483,841.5,322.5
1.862001,832.5,317
1.865627,824,310.5
1.870897,824,310.5
1.87446,815.5,304
1.877721,815.5,304
1.880621,815.5,304
1.884512,804,297.5
1.887557,804,297.5
1.892025,792,292
1.896111,792,292
1.899576,779,283.5
1.902228,779,283.5
1.908102,766.5,278
1.91205,766.5,278
1.916476,750,270.5
1.920055,750,270.5
1.925191,737.5,265
1.928564,737.5,265
1.932989,719.5,257
1.936816,719.5,257
1.941037,703,252
1.945348,703,252
1.948981,683,245
1.95311,683,245
1.956725,666,238
1.960813,666,238
1.965707,644,232.5
1.969419,644,232.5
1.974417,620.5,228
1.97934,599,222
1.982945,599,222
1.987943,578,218
1.991787,578,218
1.997959,563,217
2.001842,546.5,215.5
2.005648,546.5,215.5
2.008825,546.5,215.5
2.012496,532,214.5
2.017426,532,214.5
2.022218,515,212
2.0266,498.5,212
2.029569,498.5,212
2.032926,498.5,212
2.037307,485.5,212
2.040636,485.5,212
2.044185,469,212
2.047324,469,212
2.05105,454.5,212
2.055625,454.5,212
2.060012,441.5,212
2.063725,441.5,212
2.067039,431,212
2.070873,431,212
2.075412,420,212
2.078628,420,212
2.082527,412,212
2.085958,412,212
2.09068,406.5,212.5
2.094779,406.5,212.5
2.099194,404.5,213.5
2.102174,404.5,213.5
2.107144,402,215.5
2.109977,402,215.5
2.112845,402,215.5
2.116393,401.5,216
2.120789,401.5,216
2.126254,401,219
2.130741,401,222
2.134203,401,222
2.138485,401,227
2.142205,401,227
2.146726,402.5,235
2.150381,402.5,235
2.154799,409,246.5
2.158679,409,246.5
2.1628,417,257.5
2.166399,417,257.5
2.170411,427.5,274.5
2.174043,427.5,274.5
2.177711,441,289.5
2.182242,441,289.5
2.187279,450,299.5
2.190629,450,299.5
2.194786,462.5,313.5
2.19861,462.5,313.5
2.203727,476.5,324
2.207708,476.5,324
2.210944,492.5,333
2.213789,492.5,333
2.217176,492.5,333
2.220922,503.5,338.5
2.225089,503.5,338.5
2.22859,514.5,342
2.232539,514.5,342
2.236025,525.5,343
2.241223,525.5,343
2.245272,536,343
2.24891,536,343
2.253295,544,343
2.256508,544,343
2.26094,549.5,343
2.263928,549.5,343
2.267554,555.5,339.5
2.271183,555.5,339.5
2.275256,563,330.5
2.278607,563,330.5
2.282675,571,319.5
2.287215,571,319.5
2.291843,577.5,309.5
2.295715,577.5,309.5
2.299869,586.5,293
2.304614,586.5,293
2.309185,600.5,271
2.312363,600.5,271
2.317114,615.5,244.5
2.321456,615.5,244.5
2.325484,626.5,219
2.330571,641.5,192.5
2.333925,641.5,192.5
2.33855,656.5,166
2.341569,656.5,166
2.346132,667,143
2.349885,667,143
2.354551,680,116.5
2.358939,680,116.5
2.362547,689.5,91.5
2.366817,689.5,91.5
2.370765,696.5,74.5
2.374586,696.5,74.5
2.378678,703,57
2.382212,703,57
2.38699,710.5,41.5
2.391004,710.5,41.5
2.396838,715,32
2.399703,715,32
2.403065,719.5,21
2.406462,719.5,21
2.409123,719.5,21
2.414966,723.5,12.5
2.419955,725.5,6.5
2.423495,725.5,6.5
2.427093,727,3.5
2.4312,727,3.5
2.435698,727.5,3
2.439714,727.5,3
2.44348,728.5,1.5
2.447124,728.5,1.5
2.451994,728.5,1.5
2.456732,728.5,1.5
2.461957,728.5,1.5
2.466699,731.5,2.5
2.47136,731.5,2.5
2.475675,733.5,8.5
2.479011,733.5,8.5
2.483135,737.5,17
2.487383,737.5,17
2.491571,742,28
2.494503,742,28
2.497419,742,28
2.501442,745.5,40
2.507155,750.5,56
2.511841,750.5,56
2.516128,755.5,72.5
2.519858,755.5,72.5
2.524934,763,97.5
2.529568,763,97.5
2.534347,769,119
2.537489,769,119
2.540712,775,143
2.544951,775,143
2.548563,784.5,168.5
2.552041,784.5,168.5
2.556419,792,190.5
2.560589,792,190.5
2.565684,796.5,214
2.569226,796.5,214
2.573576,803.5,236.5
2.576728,803.5,236.5
2.580358,809,253
2.585496,809,253
2.589638,810,267.5
2.592533,810,267.5
2.597907,812,277.5
2.602237,813,285.5
2.606573,813,285.5
2.610745,813,289.5
2.61464,813,289.5
2.619521,812,293
2.62317,812,293
2.627449,809.5,295
2.631258,809.5,295
2.635061,805.5,295
2.638739,805.5,295
2.642231,798.5,295
2.646069,798.5,295
2.650385,788,295
2.653903,788,295
2.656961,788,295
2.660331,776,293.5
2.664373,776,293.5
2.668812,763.5,286.5
2.671905,763.5,286.5
2.675755,740.5,277.5
2.679384,740.5,277.5
2.684178,719,263.5
2.687296,719,263.5
2.691832,696.5,246
2.694993,696.5,246
2.700075,677,231
2.705303,677,231
2.710044,656.5,212
2.714752,639,197.5
2.719892,639,197.5
2.724276,622.5,186.5
2.729007,622.5,186.5
2.735083,604,175
2.740426,586.5,168.5
2.743717,586.5,168.5
2.748673,570,163
2.753154,570,163
2.75787,556.5,160
2.762838,545.5,157.5
2.765682,545.5,157.5
2.771249,537.5,157.5
2.776172,537.5,157.5
2.781199,534.5,157.5
2.786001,534,157.5
2.790398,534,157.5
2.795033,533.5,157.5
2.798401,533.5,157.5
2.801732,533.5,157.5
2.805563,533.5,157.5
2.808932,533.5,157.5
2.812028,533.5,160.5
2.816545,533.5,160.5
2.820122,540,169
2.8247,540,169
2.829319,545.5,176.5
2.833692,553,186.5
2.838432,553,186.5
2.841418,553,186.5
2.846492,564.5,200
2.85036,578,215
2.853464,578,215
2.857583,592.5,227
2.860918,592.5,227
2.864953,592.5,227
2.868671,610,241.5
2.872325,610,241.5
2.875547,626.5,254
2.87839,626.5,254
2.882461,646,267.5
2.887711,646,267.5
2.890981,662,276.5
2.89526,662,276.5
2.899201,673,282
2.903579,673,282
2.908184,682.5,285.5
2.912744,682.5,285.5
2.916799,688.5,288.5
2.919789,688.5,288.5
2.923692,691.5,288.5
2.927068,691.5,288.5
2.931552,691.5,288.5
2.936016,691.5,288.5
2.939903,691.5,288.5
2.942623,691.5,288.5
2.947159,691.5,288.5
2.949974,691.5,288.5
2.952861,691.5,288.5
2.956573,692,288.5
2.960477,692,288.5
2.96512,689.5,283.5
2.968394,689.5,283.5
2.97421,681.5,273.5
2.978756,671,262
2.982435,671,262
2.986451,658.5,250.5
2.990678,658.5,250.5
2.994519,639.5,237.5
2.999334,639.5,237.5
3.004857,623,226.5
3.008582,623,226.5
3.013199,607.5,219
3.016394,607.5,219
3.021029,593,212.5
3.024261,593,212.5
3.029272,579,208
3.033381,579,208
3.038412,568,205.5
3.043584,560,205.5
3.04766,560,205.5
3.052876,552,205.5
3.056547,552,205.5
3.061144,546.5,205.5
3.065239,546.5,205.5
3.070088,539.5,209.5
3.075137,535.5,213
3.079171,535.5,213
3.082708,531.5,219
3.087402,531.5,219
3.091445,529.5,225
3.094816,529.5,225
3.09825,526.5,233
3.101288,526.5,233
3.105381,526.5,233
3.109221,525.5,240
3.11205,525.5,240
3.115719,522.5,248.5
3.119991,522.5,248.5
3.123823,520.5,259.5
3.126872,520.5,259.5
3.131019,516,266.5
3.134851,516,266.5
3.138717,514,276
3.141476,514,276
3.146603,508.5,287
3.150379,508.5,287
3.15537,504,298
3.159116,504,298
3.163136,501,305.5
3.167876,501,305.5
3.173295,499,313.5
3.177275,499,313.5
3.181228,495.5,322
3.187218,493.5,329
3.192631,493.5,329
3.197965,490,334
3.2029,485,340
3.20694,485,340
3.2115,480,345
3.215105,480,345
3.220196,471.5,350.5
3.224096,471.5,350.5
3.228072,463,354.5
3.231396,463,354.5
3.23521,449.5,357
3.23887,449.5,357
3.242294,433.5,361.5
3.247423,433.5,361.5
3.252596,409,369.5
3.256052,409,369.5
3.260477,372,374.5
3.264162,372,374.5
3.269181,335.5,380
3.273369,335.5,380
3.278183,293,387
3.281563,293,387
3.286426,246,393
3.291426,192.5,402.5
3.295488,192.5,402.5
3.30029,146,406.5
3.30557,146,406.5
3.311095,98,414
3.31535,58.5,421.5
3.318932,58.5,421.5
3.323573,22,425
3.329037,22,425
3.337372,-6.5,429.5
3.346218,-46,436
3.352974,-46,436
3.357025,-62,440
3.361321,-62,440
3.366027,-74,443
3.369748,-82.5,445.5
3.374747,-82.5,445.5
3.379477,-89.5,449.5
3.386564,-94.5,452
3.39021,-94.5,452
3.396131,-95.5,453.5
3.400295,-95.5,453.5
3.405196,-96.5,455
3.410198,-96.5,455.5
3.414037,-96.5,455.5
3.418521,-96.5,457
3.422657,-96.5,457
3.42791,-96.5,459
3.431868,-96.5,459
3.436586,-96.5,462
3.440766,-96.5,462
3.445935,-97,464
3.449825,-97,466
3.453316,-97,466
3.459337,-97,470
3.463074,-97,470
3.467667,-97,473
3.470939,-97,473
3.4761,-97,475.5
3.479866,-97,475.5
3.48434,-97,479.5
3.487494,-97,479.5
3.492049,-97,482.5
3.498491,-95,485.5
3.50186,-95,485.5
3.50529,-95,485.5
3.509666,-93.5,488
3.512863,-93.5,488
3.516392,-91,491
3.519014,-91,491
3.522581,-89,493.5
3.525796,-89,493.5
3.529234,-89,493.5
3.53307,-86.5,497
3.539559,-82.5,500.5
3.542431,-82.5,500.5
3.545484,-82.5,500.5
3.548794,-81,503
3.551384,-81,503
3.554665,-76.5,507.5
3.557186,-76.5,507.5
3.559587,-76.5,507.5
3.562745,-73.5,509
3.565571,-73.5,509
3.568463,-73.5,509
3.572112,-67.5,511
3.574627,-67.5,511
3.577345,-67.5,511
3.580965,-60.5,513
3.58646,-53.5,514
3.592686,-53.5,514
3.595861,-48,517
3.602451,-41,517.5
3.606523,-41,517.5
3.60887,-41,517.5
3.611839,-39,518.5
3.615141,-39,518.5
3.619054,-35.5,520
3.623494,-35.5,520
3.627798,-33.5,521
3.63128,-33.5,521
3.635214,-32,521.5
3.63838,-32,521.5
3.641241,-32,521.5
3.644913,-29,522.5
3.64801,-29,522.5
3.652068,-26,522.5
3.655631,-26,522.5
3.659739,-23.5,524
3.662945,-23.5,524
3.666677,-19.5,524
3.672528,-19.5,524
3.67634,-15.5,524.5
3.679901,-15.5,524.5
3.6841,-11.5,524.5
3.687354,-11.5,524.5
3.691033,-6,524.5
3.69379,-6,524.5
3.696478,-6,524.5
3.700265,0,525.5
3.708112,5,525.5
3.711408,5,525.5
3.715094,9.5,526.5
3.718122,9.5,526.5
3.721692,12.5,526.5
3.725008,12.5,526.5
3.727481,12.5,526.5
3.730602,15.5,528
3.733207,15.5,528
3.736199,15.5,528
3.740802,16.5,528
3.74366,16.5,528
3.746669,17,528
3.749525,17,528
3.752347,17,528
3.756269,18,528
3.759151,18,528
3.763286,20.5,529
3.766342,20.5,529
3.769276,20.5,529
3.772569,20.5,529
3.775398,20.5,529
3.778783,21,529
3.781731,21,529
3.785016,21,529
3.788943,21.5,529
3.791759,21.5,529
3.795446,22.5,529.5
3.798686,22.5,529.5
3.801399,22.5,529.5
3.805063,24,529.5
3.807923,24,529.5
3.811426,24.5,530
3.814003,24.5,530
3.81704,24.5,530
3.821614,26.5,530
3.824807,26.5,530
3.827903,28,530.5
3.830551,28,530.5
3.833683,29,531.5
3.837462,29,531.5
3.840715,29,531.5
3.8442,30.5,532
3.846751,30.5,532
3.849592,31,532
3.853172,31,532
3.856488,31,532
3.859621,32.5,532.5
3.862113,32.5,532.5
3.864921,32.5,532.5
3.867921,33,533
3.872294,33,533
3.876302,33,533
3.88039,33,533
3.885029,33.5,534
3.889542,33.5,534
3.89337,34,534.5
3.895868,34,534.5
3.898534,34,534.5
3.901345,34,534.5
3.904655,34,534.5
3.90791,34,535
3.910815,34,535
3.914024,34,535
3.91691,34,535
3.919852,34,535
3.923439,34,535.5
3.926551,34,535.5
3.930535,34,536.5
3.933036,34,536.5
3.935774,34,536.5
3.939154,34,537
3.942533,34,537
3.946606,34,538
3.949087,34,538
3.951771,34,538
3.954861,34,538.5
3.957924,34,538.5
3.961145,34,538.5
3.964301,34,538.5
3.967343,34,538.5
3.971317,34,538.5
3.974486,34,538.5
3.978149,34,539.5
3.980752,34,539.5
3.983387,34,539.5
3.98602,34,539.5
3.989276,34,539.5
3.992419,34,539.5
3.995588,34,540
3.998046,34,540
4.000587,34,540
4.004329,34,540
4.0071,34,540
4.010437,34,540
4.013364,34,540
4.015934,34,540
4.018745,34,540
4.02203,34,540
4.025213,34,540
4.027801,34,540
4.030474,34,540
4.033544,34,540
4.036349,34,540
4.039363,34,540
4.042376,34,540
4.045338,34,540
4.047962,34,540
4.050758,34,540
4.053412,34,540
4.056258,34,540
4.059303,34,540
4.062532,34,540
4.065421,34,540
4.068101,34,540
4.070953,34,540
4.073574,34,540
4.076706,34,540
4.079782,34,540
4.083243,34,540
4.08623,34,540
4.089545,34,540
4.092338,34,540
4.095281,34,540
4.113942,34,540
4.248879,34,540
4.254991,34,540
4.258512,34,540
4.261865,34,540
4.26612,34,540
4.269922,34,540
4.274074,34,540
4.278634,34,540
4.282358,34,540
4.286851,34,540
4.291306,34,540
4.294948,34,540
4.298144,34,540
4.301874,34,540
4.305889,34,540
4.309573,34,540
4.313958,34,540
4.317179,34,540
4.321007,34,540
4.3254,34,540
4.329351,34,540
4.333001,34,540
4.336803,34,540
4.341255,34,540
4.347239,34,540
4.350766,34,540
4.355266,34,540
4.359077,34,540
4.365904,34,540
4.373324,34,540
4.380062,34,540
4.383434,34,540
4.388259,34,540
4.391761,34,540
4.39591,34,540
4.400251,34,540
4.405477,34,540
4.409715,34,540
4.414112,34,540
4.418982,34,540
4.425986,34,540
4.430509,34,540
4.436647,34,540
4.440122,34,540
4.445013,34,540
4.448153,34,540
4.451841,34,540
4.455643,34,540
4.459693,34,540
4.462975,34,540
4.467395,34,540
4.470706,34,540
4.474873,34,540
4.478385,34,540
4.481519,34,540
4.485272,34,540
4.488943,34,540
4.493859,34,540
4.497111,34,540
4.500746,34,540
4.504938,34,540
4.509535,34,540
4.512728,34,540
4.516683,34,540
4.519998,34,540
4.524139,34,540
4.528506,34,540
4.532746,34,540
4.536174,34,540
4.540739,34,540
4.544757,34,540
4.54932,34,540
4.552867,34,540
4.557076,34,540
4.560526,34,540
4.565704,34,540
4.56884,34,540
4.572825,34,540
4.576408,34,540
4.581062,34,540
4.585143,34,540
4.590013,34,540
4.593503,34,540
4.597346,34,540
4.601163,34,540
4.605874,34,540
4.6094,34,540
4.613476,34,540
4.616588,34,540
4.620772,34,540
4.624726,34,540
4.629589,34,540
4.63278,34,540
4.637629,34,540
4.641243,34,540
4.645585,34,540
4.648583,34,540
4.653059,34,540
4.656338,34,540
4.660753,34,540
4.664385,34,540
4.669504,34,540
4.674661,34,540
4.678716,34,540
4.682999,34,540
4.686501,34,540
4.690801,34,540
4.694248,34,540
4.698254,34,540
4.701464,34,540
4.706434,34,540
4.709759,34,540
4.714293,34,540
4.718651,34,540
4.722809,34,540
4.726578,34,540
4.731338,34,540
4.734548,34,540
4.739172,34,540
4.742576,34,540
4.748605,34,540
4.753154,34,540
4.757649,34,540
4.761214,34,540
4.765767,34,540
4.770774,34,540
4.774202,34,540
4.778428,34,540
4.781898,34,540
4.7852,34,540
4.789605,34,540
4.79285,34,540
4.797625,34,540
4.801172,34,540
4.806729,34,540
4.810704,34,540
4.814727,34,540
4.819174,34,540
4.823339,34,540
4.828914,34,540
4.832352,34,540
4.836639,34,540
4.839771,34,540
4.844198,34,540
4.848448,34,540
4.852393,34,540
4.855811,34,540
4.860462,34,540
4.864213,34,540
4.869198,34,540
4.872388,34,540
4.876424,34,540
4.880674,34,540
4.886183,34,540
4.891746,34,540
4.896274,34,540
4.90024,34,540
4.903985,34,540
4.908057,34,540
4.91147,34,540
4.91611,34,540
4.919204,34,540
4.92302,34,540
4.928211,34,540
4.932157,34,540
4.935526,34,540
4.939948,34,540
4.943148,34,540
4.947577,34,540
4.950924,34,540
4.954889,34,540
4.958735,34,540
4.962836,34,540
4.96702,34,540
4.971274,34,540
4.974422,34,540
4.978334,34,540
4.981824,34,540
4.986254,34,540
4.989808,34,540
4.99437,34,540
4.998106,34,540
5.00224,34,540
5.006081,34,540
5.010671,34,540
5.014139,34,540
5.018481,34,540
5.021882,34,540
5.025338,34,540
5.030147,34,540
5.033511,34,540
5.037889,34,540
5.041231,34,540
5.045461,34,540
5.048915,34,540
5.053622,34,540
5.057351,34,540
5.062103,34,540
5.066841,34,540
5.070932,34,540
5.075027,34,540
5.078738,34,540
5.08357,34,540
5.087295,34,540
5.091954,34,540
5.095965,34,540
5.101109,34,540
5.104762,34,540
5.108726,34,540
5.112439,34,540
5.117267,34,540
5.12152,34,540
5.125873,34,540
5.129134,34,540
5.135327,34,540
5.140261,34,540
5.143445,34,540
5.147572,34,540
5.151123,34,540
5.156177,34,540
5.159429,34,540
5.164651,34,540
5.168764,34,540
5.173219,34,540
5.176963,34,540
5.182167,34,540
5.187683,34,540
5.192185,34,540
5.196449,34,540
5.200026,34,540
5.204901,34,540
5.208775,34,540
5.213461,34,540
5.217671,34,540
5.22213,34,540
5.227055,34,540
5.231239,34,540
5.235728,34,540
5.24022,34,540
5.244629,34,540
5.248454,34,540
5.254553,34,540
5.258984,34,540
5.262503,34,540
5.266994,34,540
5.271516,34,540
5.275966,34,540
5.279803,34,540
5.28441,34,540
5.288864,34,540
5.293764,34,540
5.298391,34,540
5.302418,34,540
5.307884,34,540
5.311032,34,540
5.316247,34,540
5.320394,34,540
5.325134,34,540
5.32836,34,540
5.33321,34,540
5.33697,34,540
5.34203,34,540
5.347136,34,540
5.350435,34,540
5.354587,34,540
5.358589,34,540
5.363166,34,540
5.366627,34,540
5.371003,34,540
5.375138,34,540
5.379382,34,540
5.382693,34,540
5.387185,34,540
5.391167,34,540
5.395551,34,540
5.399242,34,540
5.404326,34,540
5.409339,34,540
5.415035,34,540
5.42013,34,540
5.425002,34,540
5.429971,34,540
5.433424,34,540
5.437739,34,540
5.442222,34,540
5.446497,34,540
5.450483,34,540
5.454305,34,540
5.458511,34,540
5.461879,34,540
5.465696,34,540
5.471018,34,540
5.474972,34,540
5.478364,34,540
5.483429,34,540
5.487504,34,540
5.491293,34,540
5.494561,34,540
5.500076,34,540
5.503604,34,540
5.508043,34,540
5.511268,34,540
5.515774,34,540
5.519291,34,540
5.522987,34,540
5.526536,34,540
5.529934,34,540
5.533595,34,540
5.537309,34,540
5.541049,34,540
5.545035,34,540
5.549663,34,540
5.553127,34,540
5.557634,34,540
5.561095,34,540
5.5664,34,540
5.572844,34,540
5.576445,34,540
5.581052,34,540
5.585185,34,540
5.589491,34,540
5.593197,34,540
5.597625,34,540
5.602821,34,540
5.606703,34,540
5.610735,34,540
5.614141,34,540
5.618732,34,540
5.622353,34,540
5.626628,34,540
5.63025,34,540
5.634713,34,540
5.638374,34,540
5.643859,34,540
5.647223,34,540
5.651782,34,540
5.65529,34,540
5.660172,34,540
5.663674,34,540
5.668431,34,540
5.672215,34,540
5.677287,34,540
5.680509,34,540
5.684424,34,540
5.688584,34,540
5.693352,34,540
5.696608,34,540
5.700378,34,540
5.704344,34,540
5.708329,34,540
5.711961,34,540
5.716293,34,540
5.720683,34,540
5.72458,34,540
5.729149,34,540
5.733072,34,540
5.737556,34,540
5.74208,34,540
5.746557,34,540
5.74972,34,540
5.753699,34,540
5.758466,34,540
5.762622,34,540
5.765934,34,540
5.769846,34,540
5.773941,34,540
5.779607,34,540
5.783169,34,540
5.788295,34,540
5.79213,34,540
5.796848,34,540
5.800719,34,540
5.805696,34,540
5.809063,34,540
5.813995,34,540
5.818525,34,540
5.822451,34,540
5.828078,34,540
5.831776,34,540
5.835804,34,540
5.839106,34,540
5.84363,34,540
5.848905,34,540
5.853523,34,540
5.857324,34,540
5.862442,34,540
5.866647,34,540
5.869881,34,540
5.873515,34,540
5.87811,34,540
5.882507,34,540
5.886903,34,540
5.890812,34,540
5.894252,34,540
5.898381,34,540
5.901601,34,540
5.905325,34,540
5.909136,34,540
5.91238,34,540
5.916923,34,540
5.921247,34,540
5.926054,34,540
5.930464,34,540
5.933887,34,540
5.938596,34,540
5.941714,34,540
5.947142,34,540
5.951551,34,540
5.956201,34,540
5.959981,34,540
5.96573,34,540
5.969824,34,540
5.974298,34,540
5.978514,34,540
5.982993,34,540
5.987866,34,540
5.991898,34,540
5.996492,34,540
6.000684,34,540
6.005423,34,540
6.01074,34,540
6.014408,34,540
6.019636,34,540
6.023599,34,540
6.029493,34,540
6.034413,34,540
6.038796,34,540
6.043565,34,540
6.047396,34,540
6.051875,34,540
6.055739,34,540
6.061161,34,540
6.064758,34,540
6.06975,34,540
6.074749,34,540
6.07895,34,540
6.08357,34,540
6.087725,34,540
6.092109,34,540
6.095953,34,540
6.100585,34,540
6.10479,34,540
6.109456,34,540
6.113113,34,540
6.117585,34,540
6.123306,34,540
6.127189,34,540
6.132743,34,540
6.135991,34,540
6.141248,34,540
6.144628,34,540
6.149048,34,540
6.152166,34,540
6.156695,34,540
6.159888,34,540
6.164559,34,540
6.168654,34,540
6.172443,34,540
6.176169,34,540
6.180362,34,540
6.183651,34,540
6.188282,34,540
6.192157,34,540
6.197674,34,540
6.200924,34,540
6.205575,34,540
6.209004,34,540
6.213289,34,540
6.216415,34,540
6.220356,34,540
6.224422,34,540
6.228633,34,540
6.231953,34,540
6.2357,34,540
6.239134,34,540
6.243182,34,540
6.246748,34,540
6.250607,34,540
6.255013,34,540
6.259084,34,540
6.262524,34,540
6.266489,34,540
6.270133,34,540
6.274391,34,540
6.27801,34,540
6.281264,34,540
6.285651,34,540
6.290796,34,540
6.294105,34,540
6.298357,34,540
6.301484,34,540
6.305729,34,540
6.310028,34,540
6.313694,34,540
6.31723,34,540
6.320917,34,540
6.325135,34,540
6.32888,34,540
6.334093,34,540
6.338266,34,540
6.341755,34,540
6.346513,34,540
6.349694,34,540
6.353406,34,540
6.357621,34,540
6.361228,34,540
6.365176,34,540
6.368933,34,540
6.373638,34,540
6.377372,34,540
6.381051,34,540
6.384276,34,540
6.388875,34,540
6.392068,34,540
6.396139,34,540
6.399446,34,540
6.404677,34,540
6.408751,34,540
6.412658,34,540
6.415635,34,540
6.420083,34,540
6.423856,34,540
6.427909,34,540
6.430996,34,540
6.435324,34,540
6.439106,34,540
6.4432,34,540
6.446664,34,540
6.45059,34,540
6.454244,34,540
6.458604,34,540
6.462424,34,540
6.466683,34,540
6.469937,34,540
6.475009,34,540
6.478322,34,540
6.48137,34,540
6.485224,34,540
6.489184,34,540
6.494466,34,540
6.498463,34,540
6.50184,34,540
6.505668,34,540
6.510565,34,540
6.514668,34,540
6.518144,34,540
6.521736,34,540
6.526499,34,540
6.530807,34,540
6.533758,34,540
6.536951,34,540
6.540866,34,540
6.544286,34,540
6.548657,34,540
6.552126,34,540
6.556538,34,540
6.559967,34,540
6.564053,34,540
6.567455,34,540
6.572787,34,540
6.576255,34,540
6.581326,34,540
6.586245,34,540
6.589952,34,540
6.593292,34,540
6.597332,34,540
6.602406,34,540
6.605856,34,540
6.609104,34,540
6.613525,34,540
6.616461,34,540
6.620787,34,540
6.624104,34,540
6.628833,34,540
6.634617,34,540
6.639112,34,540
6.64304,34,540
6.646846,34,540
6.651561,34,540
6.657441,34,540
6.661968,34,540
6.666418,34,540
6.669674,34,540
6.673062,34,540
6.677304,34,540
6.680964,34,540
6.684889,34,540
6.68866,34,540
6.692434,34,540
6.696299,34,540
6.700062,34,540
6.703768,34,540
6.708053,34,540
6.711426,34,540
6.715151,34,540
6.718519,34,540
6.722034,34,540
6.725439,34,540
6.728964,34,540
6.732092,34,540
6.735499,34,540
6.740203,34,540
6.743852,34,540
6.746923,34,540
6.750371,34,540
6.754857,34,540
6.758451,34,540
6.761639,34,540
6.766031,34,540
6.769304,34,540
6.772593,34,540
6.776012,34,540
6.78013,34,540
6.784222,34,540
6.787537,34,540
6.791069,34,540
6.794376,34,540
6.798585,34,540
6.801924,34,540
6.806023,34,540
6.810171,34,540
6.813436,34,540
6.816536,34,540
6.820016,34,540
6.823339,34,540
6.827261,34,540
6.830719,34,540
6.834486,34,540
6.837739,34,540
6.842648,34,540
6.847872,34,540
6.851777,34,540
6.856377,34,540
6.861065,34,540
6.866885,34,540
6.870633,34,540
6.874356,34,540
6.877758,34,540
6.881027,34,540
6.884944,34,540
6.889714,34,540
6.894578,34,540
6.899121,34,540
6.902555,34,540
6.906329,34,540
6.910021,34,540
6.914542,34,540
6.917924,34,540
6.922366,34,540
6.92595,34,540
6.931317,34,540
6.935155,34,540
6.939349,34,540
6.943418,34,540
6.946978,34,540
6.950959,34,540
6.955676,34,540
6.959852,34,540
6.963333,34,540
6.967063,34,540
6.970356,34,540
6.973504,34,540
6.977385,34,540
6.980883,34,540
6.984764,34,540
6.989434,34,540
6.993241,34,540
6.996518,34,540
7.0007,34,540
7.005339,34,540
7.009441,34,540
7.012813,34,540
7.016102,34,540
7.020273,34,540
7.024921,34,540
7.029014,34,540
7.032286,34,540
7.036668,34,540
7.040305,34,540
7.044222,34,540
7.047512,34,540
7.051468,34,540
7.055301,34,540
7.059469,34,540
7.062597,34,540
7.066703,34,540
7.070366,34,540
7.074305,34,540
7.077617,34,540
7.083624,34,540
7.087043,34,540
7.090878,34,540
7.095347,34,540
7.099679,34,540
7.103133,34,540
7.106946,34,540
7.111452,34,540
7.116286,34,540
7.119489,34,540
7.12348,34,540
7.128624,34,540
7.133523,34,540
7.13694,34,540
7.14103,34,540
7.145344,34,540
7.148825,34,540
7.152134,34,540
7.155789,34,540
7.160118,34,540
7.16945,34,540
7.174902,34,540
7.179462,34,540
7.184314,34,540
7.188413,34,540
7.193388,34,540
7.196831,34,540
7.200517,34,540
7.20411,34,540
7.207648,34,540
7.211618,34,540
7.215677,34,540
7.220041,34,540
7.223979,34,540
7.227598,34,540
7.23094,34,540
7.234731,34,540
7.238218,34,540
7.241481,34,540
7.245336,34,540
7.248417,34,540
7.251339,34,540
7.254518,34,540
7.257939,34,540
7.262508,34,540
7.26575,34,540
7.268841,34,540
7.272194,34,540
7.276417,34,540
7.281436,34,540
7.285,34,540
7.288978,34,540
7.292796,34,540
7.29663,34,540
7.301268,34,540
7.30478,34,540
7.308022,34,540
7.311485,34,540
7.320371,34,540
7.325591,34,540
7.32959,34,540
7.333199,34,540
7.336739,34,540
7.34028,34,540
7.344224,34,540
7.347486,34,540
7.35107,34,540
7.354232,34,540
7.357568,34,540
7.361103,34,540
7.364634,34,540
7.368149,34,540
7.371982,34,540
7.375253,34,540
7.379305,34,540
7.382972,34,540
7.387759,34,540
7.39159,34,540
7.395341,34,540
7.399506,34,540
7.402684,34,540
7.406391,34,540
7.410808,34,540
7.414162,34,540
7.417067,34,540
7.420138,34,540
7.423426,34,540
7.426842,34,540
7.430765,34,540
7.435402,34,540
7.439685,34,540
7.442915,34,540
7.446723,34,540
7.449717,34,540
7.453182,34,540
7.456898,34,540
7.460605,34,540
7.464295,34,540
7.474254,34,540
